{
  "message": "Tweets fetched successfully.",
  "data": {
    "tweets": [
      {
        "public_metrics": {
          "retweet_count": 0,
          "reply_count": 0,
          "like_count": 0,
          "quote_count": 0,
          "bookmark_count": 0,
          "impression_count": 1
        },
        "text": "#SUI \n\n$SUI overcome crucial $1.44 support, meaning that the $2.18 can be the next point for SUI if the momentum is kept.\n\nby contrast, it could face a short-term pullback to the $1.20 level, which is less likeable given the decent on-chain records https://t.co/a0xfzYz63a",
        "created_at": "2024-09-20T10:23:10.000Z",
        "author_id": "1653752574082678784",
        "attachments": {
          "media_keys": ["3_1837075012311740416"]
        },
        "id": "1837075020641681543",
        "edit_history_tweet_ids": ["1837075020641681543"]
      },
      {
        "public_metrics": {
          "retweet_count": 0,
          "reply_count": 0,
          "like_count": 1,
          "quote_count": 0,
          "bookmark_count": 0,
          "impression_count": 0
        },
        "text": "#SUI one of the top gainers https://t.co/NmwkqHEy84",
        "created_at": "2024-09-20T10:23:10.000Z",
        "author_id": "994664258838450179",
        "attachments": {
          "media_keys": ["3_1837075013557432320"]
        },
        "id": "1837075018892607541",
        "edit_history_tweet_ids": ["1837075018892607541"]
      },
      {
        "public_metrics": {
          "retweet_count": 0,
          "reply_count": 0,
          "like_count": 0,
          "quote_count": 0,
          "bookmark_count": 0,
          "impression_count": 0
        },
        "text": "Absolutely loving #backtoschoolAI24 @Google in London today, absolutely fascinating look at the ‘today’ of #AI in #education #edtech https://t.co/6forwc5s2n",
        "created_at": "2024-09-20T10:23:02.000Z",
        "author_id": "17197475",
        "attachments": {
          "media_keys": ["3_1837074979038326784"]
        },
        "id": "1837074985866723554",
        "edit_history_tweet_ids": ["1837074985866723554"]
      },
      {
        "public_metrics": {
          "retweet_count": 0,
          "reply_count": 0,
          "like_count": 0,
          "quote_count": 0,
          "bookmark_count": 0,
          "impression_count": 0
        },
        "text": "#Victoria #OC #Hentai #AI #AIart #Art #Girl #AIgir #ai #art #sexygirl #goth #Xandr https://t.co/XNWBllLUnf",
        "created_at": "2024-09-20T10:23:00.000Z",
        "author_id": "1790360091406852096",
        "attachments": {
          "media_keys": ["3_1815709194126778368"]
        },
        "id": "1837074976882708491",
        "edit_history_tweet_ids": ["1837074976882708491"]
      },
      {
        "public_metrics": {
          "retweet_count": 0,
          "reply_count": 0,
          "like_count": 0,
          "quote_count": 0,
          "bookmark_count": 0,
          "impression_count": 2
        },
        "text": "Introducing one of our speakers for our sold-out webinar on ‘AI in research: Supporting Research Integrity through Governance and Ethics’. Areeq Chowdhury is Head of Policy (Data and Digital Technologies) at the Royal Society. \n#Webinar #UKRIO #AI #Research #ResearchIntegrity https://t.co/GYDBvI1PPC",
        "created_at": "2024-09-20T10:22:36.000Z",
        "author_id": "1142760997",
        "attachments": {
          "media_keys": ["3_1837074876017917952"]
        },
        "id": "1837074877985038637",
        "edit_history_tweet_ids": ["1837074877985038637"]
      },
      {
        "public_metrics": {
          "retweet_count": 0,
          "reply_count": 0,
          "like_count": 0,
          "quote_count": 0,
          "bookmark_count": 0,
          "impression_count": 7
        },
        "text": "#Portretten/#Portraits (2010-present). (#Netherlands). #photography #streetPhotography #straatfotografie #art #kunst #cultuur #culture #humanisme #humanism. Portraits from real life. NO: #prompt #AI #OpenAI #Midjourney #ChatGPT #photoshop #filters. https://t.co/ripVV0Ie08 https://t.co/uVMfD33Uor",
        "referenced_tweets": [
          {
            "type": "quoted",
            "id": "1710199976955990164"
          }
        ],
        "created_at": "2024-09-20T10:22:16.000Z",
        "author_id": "326765653",
        "attachments": {
          "media_keys": ["3_1837074728676130816"]
        },
        "id": "1837074794652532852",
        "edit_history_tweet_ids": ["1837074794652532852"]
      },
      {
        "public_metrics": {
          "retweet_count": 0,
          "reply_count": 0,
          "like_count": 0,
          "quote_count": 0,
          "bookmark_count": 0,
          "impression_count": 2
        },
        "text": "Dernière arrivée, déjà top 3 ! 🤖\n\n🚀 @xai @grok #AI https://t.co/Nmksw7ptLj",
        "created_at": "2024-09-20T10:22:15.000Z",
        "author_id": "728450262",
        "attachments": {
          "media_keys": ["3_1837074784456200192"]
        },
        "id": "1837074788902117764",
        "edit_history_tweet_ids": ["1837074788902117764"]
      },
      {
        "public_metrics": {
          "retweet_count": 0,
          "reply_count": 0,
          "like_count": 0,
          "quote_count": 0,
          "bookmark_count": 0,
          "impression_count": 2
        },
        "text": "It’s been an amazing week at #Token2049Singapore 🇸🇬\n\nGreat meeting and connecting with so many incredible people—exciting things ahead! 🙌💼 #SUI #LiquidLink https://t.co/wW0yiCE1Gh",
        "created_at": "2024-09-20T10:22:07.000Z",
        "author_id": "1778312334198345728",
        "attachments": {
          "media_keys": [
            "3_1837073761776062467",
            "3_1837073761801285632",
            "3_1837073782978359296"
          ]
        },
        "id": "1837074756455309576",
        "edit_history_tweet_ids": ["1837074756455309576"]
      },
      {
        "public_metrics": {
          "retweet_count": 0,
          "reply_count": 0,
          "like_count": 0,
          "quote_count": 0,
          "bookmark_count": 0,
          "impression_count": 2
        },
        "text": "#ai #futanari #goon #autofellatio https://t.co/aulBnWq6RI",
        "created_at": "2024-09-20T10:22:07.000Z",
        "author_id": "1810084932141879296",
        "attachments": {
          "media_keys": ["3_1837074615929294848"]
        },
        "id": "1837074754525876672",
        "edit_history_tweet_ids": ["1837074754525876672"]
      },
      {
        "public_metrics": {
          "retweet_count": 0,
          "reply_count": 0,
          "like_count": 0,
          "quote_count": 0,
          "bookmark_count": 0,
          "impression_count": 3
        },
        "text": "New game, #AiGolf\n\nWhen I find my eyes rolling at the #ai community being obsessed with some weird aphasia like strawberries, I shake it off and ask my AI to blow my mind, like...\n\nCan you make a banger polyglot sentence? https://t.co/b4VleoXdgK",
        "created_at": "2024-09-20T10:21:50.000Z",
        "author_id": "1240666619518619648",
        "attachments": {
          "media_keys": ["3_1837074251876077568"]
        },
        "id": "1837074685072150867",
        "edit_history_tweet_ids": ["1837074685072150867"]
      }
    ],
    "meta": {
      "newest_id": "1837075020641681543",
      "oldest_id": "1837074685072150867",
      "result_count": 10,
      "next_token": "b26v89c19zqg8o3frquuhr6ip5hvbknls3sgqbeu7e071"
    },
    "includes": {
      "media": [
        {
          "media_key": "3_1837075012311740416",
          "type": "photo",
          "url": "https://pbs.twimg.com/media/GX6Z_Y6WcAABdni.jpg"
        },
        {
          "media_key": "3_1837075013557432320",
          "type": "photo",
          "url": "https://pbs.twimg.com/media/GX6Z_djWMAA497f.jpg"
        },
        {
          "media_key": "3_1837074979038326784",
          "type": "photo",
          "url": "https://pbs.twimg.com/media/GX6Z9c9WcAAxNbm.jpg"
        },
        {
          "media_key": "3_1815709194126778368",
          "type": "photo",
          "url": "https://pbs.twimg.com/media/GTKx5FtWYAA9NfS.jpg"
        },
        {
          "media_key": "3_1837074876017917952",
          "type": "photo",
          "url": "https://pbs.twimg.com/media/GX6Z3dLXwAAm69n.jpg"
        },
        {
          "media_key": "3_1837074728676130816",
          "type": "photo",
          "url": "https://pbs.twimg.com/media/GX6Zu4SWgAAefsr.jpg"
        },
        {
          "media_key": "3_1837074784456200192",
          "type": "photo",
          "url": "https://pbs.twimg.com/media/GX6ZyIFW0AAqAsu.jpg"
        },
        {
          "media_key": "3_1837073761776062467",
          "type": "photo",
          "url": "https://pbs.twimg.com/media/GX6Y2mTaUAMNA3Y.jpg"
        },
        {
          "media_key": "3_1837073761801285632",
          "type": "photo",
          "url": "https://pbs.twimg.com/media/GX6Y2mZbMAACdYl.jpg"
        },
        {
          "media_key": "3_1837073782978359296",
          "type": "photo",
          "url": "https://pbs.twimg.com/media/GX6Y31SbsAAJ3js.jpg"
        },
        {
          "media_key": "3_1837074615929294848",
          "type": "photo",
          "url": "https://pbs.twimg.com/media/GX6ZoURaUAALh9t.jpg"
        },
        {
          "media_key": "3_1837074251876077568",
          "type": "photo",
          "url": "https://pbs.twimg.com/media/GX6ZTIEXEAAve_j.png"
        }
      ],
      "users": [
        {
          "id": "1653752574082678784",
          "profile_image_url": "https://pbs.twimg.com/profile_images/1720008962043494400/n-4DvsTV_normal.jpg",
          "name": "Paul Osadchuk | WEB3 UNFOLDED",
          "username": "osadchuk20"
        },
        {
          "id": "994664258838450179",
          "profile_image_url": "https://pbs.twimg.com/profile_images/1243675084931379200/K1Dg4sXR_normal.jpg",
          "name": "Daniel Gerasymenko 🇺🇦",
          "username": "danick_gera"
        },
        {
          "id": "17197475",
          "profile_image_url": "https://pbs.twimg.com/profile_images/1206223498051543043/5lieaUP0_normal.png",
          "name": "Stu Ayres",
          "username": "stuayres"
        },
        {
          "id": "1790360091406852096",
          "profile_image_url": "https://pbs.twimg.com/profile_images/1803519307755786240/lt-Riz37_normal.jpg",
          "name": "Xandr",
          "username": "Xandr_xx1"
        },
        {
          "id": "1142760997",
          "profile_image_url": "https://pbs.twimg.com/profile_images/1529794369024294914/QE12MiPN_normal.jpg",
          "name": "UK Research Integrity Office",
          "username": "UKRIO"
        },
        {
          "id": "326765653",
          "profile_image_url": "https://pbs.twimg.com/profile_images/1789953142718623744/uRSfnabr_normal.jpg",
          "name": "Ronald Puma",
          "username": "RonaldPumaPhoto"
        },
        {
          "id": "728450262",
          "profile_image_url": "https://pbs.twimg.com/profile_images/1703521178944503808/FMts0kcU_normal.jpg",
          "name": "Stras'GΞЯAUD ",
          "username": "SxbGG"
        },
        {
          "id": "1778312334198345728",
          "profile_image_url": "https://pbs.twimg.com/profile_images/1795287272365203456/KCp4PGsp_normal.jpg",
          "name": "LiquidLink",
          "username": "Liquidlink_io"
        },
        {
          "id": "1810084932141879296",
          "profile_image_url": "https://pbs.twimg.com/profile_images/1822204345997225985/T-j4fTvs_normal.jpg",
          "name": "thrown away goon",
          "username": "throw23760"
        },
        {
          "id": "1240666619518619648",
          "profile_image_url": "https://pbs.twimg.com/profile_images/1336352387305508864/aOawyCYm_normal.jpg",
          "name": "Pablo",
          "username": "PMayrgundter"
        }
      ],
      "tweets": [
        {
          "public_metrics": {
            "retweet_count": 0,
            "reply_count": 0,
            "like_count": 11,
            "quote_count": 2,
            "bookmark_count": 0,
            "impression_count": 20771
          },
          "text": "#Portretten/#Portraits (2010-present). (#Netherlands). #photography #StreetPhotography #straatfotografie #art #kunst #cultuur #culture #humanisme #humanism. Photos taken from real life. NO #AI/#midjourney/#ChatGPT/#photoshop/#filter. https://t.co/5EJc7xbZwh https://t.co/qrSdPEfSVA",
          "referenced_tweets": [
            {
              "type": "quoted",
              "id": "1707681509954437237"
            }
          ],
          "created_at": "2023-10-06T07:47:03.000Z",
          "author_id": "326765653",
          "attachments": {
            "media_keys": ["3_1710199599833415680"]
          },
          "id": "1710199976955990164",
          "edit_history_tweet_ids": ["1710199976955990164"]
        }
      ]
    }
  }
}


